id,name,quantity,date,created_date,,,
,брокколи с сыром,54,2022-11-24,,"0,114451479590054",53,"52,0803798978629"
,буррито вегетар.,80,2022-11-24,,"0,040491861050773",72,"71,2393488840618"
,говядина по-бургундк,97,2022-11-24,,"0,867214532037512",167,"166,569809607639"
,говядина с картоф.,97,2022-11-24,,"0,801877466389711",161,"160,232114239802"
,говядина с соусом,97,2022-11-24,,"0,190246843170937",101,"100,903943787581"
,говядина сыр и барбе,97,2022-11-24,,"0,449143712197999",127,"126,016940083206"
,жульен грибной,97,2022-11-24,,"0,58679782978678",140,"139,369389489318"
,карт.жаркое с курице,97,2022-11-24,,"0,486296058382757",130,"129,620717663127"
,котлета домашняя,97,2022-11-24,,"0,627182233865148",144,"143,286676684919"
,котлета по-киевски,97,2022-11-24,,"0,59604432518388",141,"140,266299542836"
,куп кур.медальоны,97,2022-11-24,,"0,084512349865624",91,"90,6476979369655"
,кур. с орех соусом2,97,2022-11-24,,"0,032138465409169",86,"85,5674311446894"
,запеканка твор.готов,97,2022-11-24,,"0,422746321957793",124,"123,456393229906"
,салат с сельдью Люци,97,2022-11-24,,"0,112224704704201",94,"93,3357963563075"
,брокколи с сыром,59,2022-11-25,,"0,650591978853925",89,"88,5349267523815"
,буррито вегетар.,85,2022-11-25,,"0,325671459765132",100,"99,9320740800363"
,говядина по-бургундк,102,2022-11-25,,"0,015205624566558",89,"88,2509737057889"
,говядина с картоф.,102,2022-11-25,,"0,478127919775724",136,"135,469047817124"
,говядина с соусом,102,2022-11-25,,"0,881432892480042",177,"176,606155032964"
,говядина сыр и барбе,102,2022-11-25,,"0,299660778270657",118,"117,265399383607"
,жульен грибной,102,2022-11-25,,"0,2149915250106",109,"108,629135551081"
,карт.жаркое с курице,102,2022-11-25,,"0,61396667449785",150,"149,324600798781"
,котлета домашняя,102,2022-11-25,,"0,150554630693173",103,"102,056572330704"
,котлета по-киевски,102,2022-11-25,,"0,45485878417054",134,"133,095595985395"
,куп кур.медальоны,102,2022-11-25,,"0,036760371664937",91,"90,4495579098235"
,кур. с орех соусом2,102,2022-11-25,,"0,046250648723479",92,"91,4175661697948"
,запеканка твор.готов,102,2022-11-25,,"0,519141843475915",140,"139,652468034543"
,салат с сельдью Люци,102,2022-11-25,,"0,595528536839055",148,"147,443910757584"
,брокколи с сыром,98,2022-11-26,,"0,372916441719043",120,"119,845811288466"
,буррито вегетар.,124,2022-11-26,,"0,86572724087882",213,"212,750177868974"
,говядина по-бургундк,141,2022-11-26,,"0,185964583737421",147,"146,071006306976"
,говядина с картоф.,141,2022-11-26,,"0,598508437059347",205,"204,239689625368"
,говядина с соусом,141,2022-11-26,,"0,790083813790718",232,"231,251817744491"
,говядина сыр и барбе,141,2022-11-26,,"0,811064920814048",235,"234,210153834781"
,жульен грибной,141,2022-11-26,,"0,830459884673258",237,"236,944843738929"
,карт.жаркое с курице,141,2022-11-26,,"0,174457055744967",145,"144,44844486004"
,котлета домашняя,141,2022-11-26,,"0,477235458122788",188,"187,140199595313"
,котлета по-киевски,141,2022-11-26,,"0,818289823238696",236,"235,228865076656"
,куп кур.медальоны,141,2022-11-26,,"0,775629939181694",230,"229,213821424619"
,кур. с орех соусом2,141,2022-11-26,,"0,53275081364634",195,"194,967864724134"
,запеканка твор.готов,141,2022-11-26,,"0,925322627412528",251,"250,320490465166"
,салат с сельдью Люци,141,2022-11-26,,"0,114287443738874",136,"135,964529567181"
,брокколи с сыром,108,2022-11-27,,"0,244931324109246",119,"118,252583003799"
,буррито вегетар.,134,2022-11-27,,"0,624153876110531",198,"197,536619398811"
,говядина по-бургундк,151,2022-11-27,,"0,632274206097698",224,"223,823405120752"
,говядина с картоф.,151,2022-11-27,,"0,916149486746167",267,"266,688572498671"
,говядина с соусом,151,2022-11-27,,"0,562012300986081",214,"213,213857448898"
,говядина сыр и барбе,151,2022-11-27,,"0,942118477853931",271,"270,609890155944"
,жульен грибной,151,2022-11-27,,"0,618113077395869",222,"221,685074686776"
,карт.жаркое с курице,151,2022-11-27,,"0,714735724323573",237,"236,275094372859"
,котлета домашняя,151,2022-11-27,,"0,149799829089627",151,"150,969774192534"
,котлета по-киевски,151,2022-11-27,,"0,738705318379925",240,"239,894503075369"
,куп кур.медальоны,151,2022-11-27,,"0,209718283928455",161,"160,017460873197"
,кур. с орех соусом2,151,2022-11-27,,"0,445862505058135",196,"195,675238263778"
,запеканка твор.готов,151,2022-11-27,,"0,41888605543679",192,"191,601794370955"
,салат с сельдью Люци,151,2022-11-27,,"0,328067066050618",178,"177,888126973643"
,брокколи с сыром,60,2022-11-28,,"0,251952333080684",67,"66,117139984841"
,буррито вегетар.,86,2022-11-28,,"0,184850132177127",89,"88,9971113672329"
,говядина по-бургундк,103,2022-11-28,,"0,30257477077248",119,"118,715201389565"
,говядина с картоф.,103,2022-11-28,,"0,317441130651774",121,"120,246436457133"
,говядина с соусом,103,2022-11-28,,"0,884941882403599",179,"178,699013887571"
,говядина сыр и барбе,103,2022-11-28,,"0,32553780309812",122,"121,080393719106"
,жульен грибной,103,2022-11-28,,"0,42980690173798",132,"131,820110879012"
,карт.жаркое с курице,103,2022-11-28,,"0,435440137758476",133,"132,400334189123"
,котлета домашняя,103,2022-11-28,,"0,265210444444155",115,"114,866675777748"
,котлета по-киевски,103,2022-11-28,,"0,224440750159902",111,"110,66739726647"
,куп кур.медальоны,103,2022-11-28,,"0,658191907568801",156,"155,343766479587"
,кур. с орех соусом2,103,2022-11-28,,"0,108420481923219",99,"98,7173096380915"
,запеканка твор.готов,103,2022-11-28,,"0,655710250518643",156,"155,08815580342"
,салат с сельдью Люци,103,2022-11-28,,"0,467390209588314",136,"135,691191587596"
,брокколи с сыром,56,2022-11-29,,"0,754614712481107",90,"89,858423898942"
,буррито вегетар.,82,2022-11-29,,"0,027461260869783",72,"71,9518233913222"
,говядина по-бургундк,99,2022-11-29,,"0,134541780423538",98,"97,4696362619303"
,говядина с картоф.,99,2022-11-29,,"0,003089428238129",85,"84,4558533955748"
,говядина с соусом,99,2022-11-29,,"0,910772393566576",175,"174,316466963091"
,говядина сыр и барбе,99,2022-11-29,,"0,283048442976904",113,"112,171795854714"
,жульен грибной,99,2022-11-29,,"0,382290965567882",122,"121,99680559122"
,карт.жаркое с курице,99,2022-11-29,,"0,45610222219366",130,"129,304119997172"
,котлета домашняя,99,2022-11-29,,"0,483006471384459",132,"131,967640667061"
,котлета по-киевски,99,2022-11-29,,"0,178426598860586",102,"101,814233287198"
,куп кур.медальоны,99,2022-11-29,,"0,985612132302275",182,"181,725601097925"
,кур. с орех соусом2,99,2022-11-29,,"0,345757579707884",119,"118,380000391081"
,запеканка твор.готов,99,2022-11-29,,"0,737583555354681",158,"157,170771980113"
,салат с сельдью Люци,99,2022-11-29,,"0,323666480673071",117,"116,192981586634"
,брокколи с сыром,64,2022-11-30,,"0,983829647814833",118,"117,365097460149"
,буррито вегетар.,90,2022-11-30,,"0,070169259156968",83,"82,8152333241271"
,говядина по-бургундк,107,2022-11-30,,"0,43670779084538",138,"137,677733620456"
,говядина с картоф.,107,2022-11-30,,"0,846387048226705",182,"181,513414160257"
,говядина с соусом,107,2022-11-30,,"0,800866779746355",177,"176,64274543286"
,говядина сыр и барбе,107,2022-11-30,,"0,308362443848658",124,"123,944781491806"
,жульен грибной,107,2022-11-30,,"0,279759704591815",121,"120,884288391324"
,карт.жаркое с курице,107,2022-11-30,,"0,380499508941802",132,"131,663447456773"
,котлета домашняя,107,2022-11-30,,"0,092445331455064",101,"100,841650465692"
,котлета по-киевски,107,2022-11-30,,"0,421997388382412",137,"136,103720556918"
,куп кур.медальоны,107,2022-11-30,,"0,728573234385039",169,"168,907336079199"
,кур. с орех соусом2,107,2022-11-30,,"0,887191326560258",186,"185,879471941948"
,запеканка твор.готов,107,2022-11-30,,"0,57413446366232",153,"152,382387611868"
,салат с сельдью Люци,107,2022-11-30,,"0,892309668845209",187,"186,427134566437"
,брокколи с сыром,114,2022-12-01,,"0,505847002318745",155,"154,566558264337"
,буррито вегетар.,140,2022-12-01,,"0,675972814378162",214,"213,636194012943"
,говядина по-бургундк,157,2022-12-01,,"0,566969416470219",223,"222,464198385824"
,говядина с картоф.,157,2022-12-01,,"0,245953382190452",173,"172,064681003901"
,говядина с соусом,157,2022-12-01,,"0,230735919045849",170,"169,675539290198"
,говядина сыр и барбе,157,2022-12-01,,"0,756300454583348",253,"252,189171369586"
,жульен грибной,157,2022-12-01,,"0,304351231027611",182,"181,233143271335"
,карт.жаркое с курице,157,2022-12-01,,"0,803204326326549",260,"259,553079233268"
,котлета домашняя,157,2022-12-01,,"0,590634132326994",227,"226,179558775338"
,котлета по-киевски,157,2022-12-01,,"0,246203798173896",173,"172,103996313302"
,куп кур.медальоны,157,2022-12-01,,"0,535600583662418",218,"217,539291635"
,кур. с орех соусом2,157,2022-12-01,,"0,073612078826651",146,"145,007096375784"
,запеканка твор.готов,157,2022-12-01,,"0,828475611684536",264,"263,520671034472"
,салат с сельдью Люци,157,2022-12-01,,"0,377867593870913",193,"192,775212237733"
,брокколи с сыром,66,2022-12-02,,"0,116287504209393",64,"63,7749752778199"
,буррито вегетар.,92,2022-12-02,,"0,547498087635278",129,"128,569824062446"
,говядина по-бургундк,109,2022-12-02,,"0,147687988127181",109,"108,747990705863"
,говядина с картоф.,109,2022-12-02,,"0,605669607417691",159,"158,667987208528"
,говядина с соусом,109,2022-12-02,,"0,894335433528967",191,"190,132562254657"
,говядина сыр и барбе,109,2022-12-02,,"0,130153517105208",107,"106,836733364468"
,жульен грибной,109,2022-12-02,,"0,001836609533183",93,"92,8501904391169"
,карт.жаркое с курице,109,2022-12-02,,"0,674995756563639",167,"166,224537465437"
,котлета домашняя,109,2022-12-02,,"0,55316906584488",153,"152,945428177092"
,котлета по-киевски,109,2022-12-02,,"0,918363865720071",193,"192,751661363488"
,куп кур.медальоны,109,2022-12-02,,"0,149732787743611",109,"108,970873864054"
,кур. с орех соусом2,109,2022-12-02,,"0,393898327784406",136,"135,5849177285"
,запеканка твор.готов,109,2022-12-02,,"0,465590077521934",144,"143,399318449891"
,салат с сельдью Люци,109,2022-12-02,,"0,889875234066247",190,"189,646400513221"
,брокколи с сыром,60,2022-12-03,,"0,632415317875569",89,"88,9449190725341"
,буррито вегетар.,86,2022-12-03,,"0,079509725648569",80,"79,9378364057769"
,говядина по-бургундк,103,2022-12-03,,"0,084462116875577",97,"96,2495980381844"
,говядина с картоф.,103,2022-12-03,,"0,730185040214734",163,"162,759059142118"
,говядина с соусом,103,2022-12-03,,"0,423288805800959",132,"131,148746997499"
,говядина сыр и барбе,103,2022-12-03,,"0,952716649988502",186,"185,679814948816"
,жульен грибной,103,2022-12-03,,"0,581412125101716",148,"147,435448885477"
,карт.жаркое с курице,103,2022-12-03,,"0,666665242178591",157,"156,216519944395"
,котлета домашняя,103,2022-12-03,,"0,522053644798366",142,"141,321525414232"
,котлета по-киевски,103,2022-12-03,,"0,703145187722304",160,"159,973954335397"
,куп кур.медальоны,103,2022-12-03,,"0,179409086971803",107,"106,029135958096"
,кур. с орех соусом2,103,2022-12-03,,"0,488368793458009",138,"137,851985726175"
,запеканка твор.готов,103,2022-12-03,,"0,286907005932813",118,"117,10142161108"
,салат с сельдью Люци,103,2022-12-03,,"0,829257250828673",173,"172,963496835353"
,брокколи с сыром,87,2022-12-04,,"0,39421340108528",109,"108,246565894419"
,буррито вегетар.,157,2022-12-04,,"0,634360080638266",234,"233,044532660208"
,говядина по-бургундк,157,2022-12-04,,"0,72384336971353",248,"247,093409045024"
,говядина с картоф.,157,2022-12-04,,"0,409666928004078",198,"197,76770769664"
,говядина с соусом,157,2022-12-04,,"0,917309560762885",278,"277,467601039773"
,говядина сыр и барбе,157,2022-12-04,,"0,021033779874655",137,"136,752303440321"
,жульен грибной,157,2022-12-04,,"0,372315969384955",192,"191,903607193438"
,карт.жаркое с курице,157,2022-12-04,,"0,034350093680669",139,"138,842964707865"
,котлета домашняя,157,2022-12-04,,"0,038592011513144",140,"139,508945807564"
,котлета по-киевски,157,2022-12-04,,"0,612799711290869",230,"229,659554672666"
,куп кур.медальоны,157,2022-12-04,,"0,614256400793262",230,"229,888254924542"
,кур. с орех соусом2,157,2022-12-04,,"0,392522129645731",196,"195,07597435438"
,запеканка твор.готов,157,2022-12-04,,"0,995057292708578",290,"289,673994955247"
,салат с сельдью Люци,157,2022-12-04,,"0,956629421513127",284,"283,640819177561"
,брокколи с сыром,92,2022-12-05,,"0,553751766423548",130,"129,145162510966"
,буррито вегетар.,162,2022-12-05,,"0,209144594592108",172,"171,581424323922"
,говядина по-бургундк,162,2022-12-05,,"0,956726621735975",293,"292,689712721228"
,говядина с картоф.,162,2022-12-05,,"0,855909504985009",277,"276,357339807571"
,говядина с соусом,162,2022-12-05,,"0,730499354683019",257,"256,040895458649"
,говядина сыр и барбе,162,2022-12-05,,"0,686709829877538",249,"248,946992440161"
,жульен грибной,162,2022-12-05,,"0,41727910648552",206,"205,299215250654"
,карт.жаркое с курице,162,2022-12-05,,"0,202766949137993",171,"170,548245760355"
,котлета домашняя,162,2022-12-05,,"0,613194003207577",238,"237,037428519627"
,котлета по-киевски,162,2022-12-05,,"0,498657733713058",219,"218,482552861515"
,куп кур.медальоны,162,2022-12-05,,"0,473474044907046",215,"214,402795274941"
,кур. с орех соусом2,162,2022-12-05,,"0,826173915329687",272,"271,540174283409"
,запеканка твор.готов,162,2022-12-05,,"0,834794368121485",273,"272,936687635681"
,салат с сельдью Люци,162,2022-12-05,,"0,371849842967283",198,"197,9396745607"
,брокколи с сыром,72,2022-12-06,,"0,622738581645037",107,"106,037177878443"
,буррито вегетар.,98,2022-12-06,,"0,891540286308018",171,"170,670948058186"
,говядина по-бургундк,115,2022-12-06,,"0,096996247556367",109,"108,904568468982"
,говядина с картоф.,115,2022-12-06,,"0,590511505668376",166,"165,658823151863"
,говядина с соусом,115,2022-12-06,,"0,476177949110501",153,"152,510464147708"
,говядина сыр и барбе,115,2022-12-06,,"0,936141265098758",206,"205,406245486357"
,жульен грибной,115,2022-12-06,,"0,70563268115041",179,"178,897758332297"
,карт.жаркое с курице,115,2022-12-06,,"0,730937192128173",182,"181,80777709474"
,котлета домашняя,115,2022-12-06,,"0,049495259225943",104,"103,441954810983"
,котлета по-киевски,115,2022-12-06,,"0,367757993350985",141,"140,042169235363"
,куп кур.медальоны,115,2022-12-06,,"0,311754527564009",134,"133,601770669861"
,кур. с орех соусом2,115,2022-12-06,,"0,530394341670392",159,"158,745349292095"
,запеканка твор.готов,115,2022-12-06,,"0,758278428099522",185,"184,952019231445"
,салат с сельдью Люци,115,2022-12-06,,"0,142468408281597",115,"114,133866952384"
,брокколи с сыром,68,2022-12-07,,"0,037884045179908",61,"60,3761150722338"
,буррито вегетар.,94,2022-12-07,,"0,731768373622102",149,"148,686227120478"
,говядина по-бургундк,111,2022-12-07,,"0,006190203281158",96,"95,0371125642086"
,говядина с картоф.,111,2022-12-07,,"0,380578408895995",137,"136,594203387455"
,говядина с соусом,111,2022-12-07,,"0,912419032390208",196,"195,628512595313"
,говядина сыр и барбе,111,2022-12-07,,"0,176635118910472",114,"113,956498199062"
,жульен грибной,111,2022-12-07,,"0,482529488691008",148,"147,910773244702"
,карт.жаркое с курице,111,2022-12-07,,"0,320475725400297",130,"129,922805519433"
,котлета домашняя,111,2022-12-07,,"0,771019542225351",180,"179,933169187014"
,котлета по-киевски,111,2022-12-07,,"0,006201353882933",96,"95,0383502810056"
,куп кур.медальоны,111,2022-12-07,,"0,817013562287923",186,"185,038505413959"
,кур. с орех соусом2,111,2022-12-07,,"0,561443989715969",157,"156,670282858473"
,запеканка твор.готов,111,2022-12-07,,"0,247726058436359",122,"121,847592486436"
,салат с сельдью Люци,111,2022-12-07,,"0,359980419508037",135,"134,307826565392"
,брокколи с сыром,76,2022-12-08,,"0,945380876442552",137,"136,448946609634"
,буррито вегетар.,102,2022-12-08,,"0,422448378386654",130,"129,789734595439"
,говядина по-бургундк,119,2022-12-08,,"0,751393447071617",191,"190,565820201522"
,говядина с картоф.,119,2022-12-08,,"0,430263264556242",153,"152,351328482193"
,говядина с соусом,119,2022-12-08,,"0,502156739722584",161,"160,906652026987"
,говядина сыр и барбе,119,2022-12-08,,"0,480437031653226",159,"158,322006766734"
,жульен грибной,119,2022-12-08,,"0,925146674772819",212,"211,242454297965"
,карт.жаркое с курице,119,2022-12-08,,"0,274000449157981",134,"133,7560534498"
,котлета домашняя,119,2022-12-08,,"0,822196690383323",199,"198,991406155615"
,котлета по-киевски,119,2022-12-08,,"0,015765746190477",104,"103,026123796667"
,куп кур.медальоны,119,2022-12-08,,"0,204273974042892",126,"125,458602911104"
,кур. с орех соусом2,119,2022-12-08,,"0,004205752933583",102,"101,650484599096"
,запеканка твор.готов,119,2022-12-08,,"0,811570889860057",198,"197,726935893347"
,салат с сельдью Люци,119,2022-12-08,,"0,722798248703631",188,"187,162991595732"
,брокколи с сыром,98,2022-12-09,,"0,375972146968204",121,"120,145270402884"
,буррито вегетар.,168,2022-12-09,,"0,101912467746823",160,"159,921294581466"
,говядина по-бургундк,168,2022-12-09,,"0,337287782665594",200,"199,46434748782"
,говядина с картоф.,168,2022-12-09,,"0,558808584941877",237,"236,679842270235"
,говядина с соусом,168,2022-12-09,,"0,492710261651449",226,"225,575323957443"
,говядина сыр и барбе,168,2022-12-09,,"0,678761311929457",257,"256,831900404149"
,жульен грибной,168,2022-12-09,,"0,746295574358571",269,"268,17765649224"
,карт.жаркое с курице,168,2022-12-09,,"0,402468172399675",211,"210,414652963145"
,котлета домашняя,168,2022-12-09,,"0,940559758921393",301,"300,814039498794"
,котлета по-киевски,168,2022-12-09,,"0,161673919340585",170,"169,961218449218"
,куп кур.медальоны,168,2022-12-09,,"0,002468839386453",144,"143,214765016924"
,кур. с орех соусом2,168,2022-12-09,,"0,755770655236624",270,"269,769470079753"
,запеканка твор.готов,168,2022-12-09,,"0,576157876288913",240,"239,594523216537"
,салат с сельдью Люци,168,2022-12-09,,"0,072177348887333",155,"154,925794613072"
,брокколи с сыром,50,2022-12-10,,"0,912282860409757",89,"88,1141430204879"
,буррито вегетар.,120,2022-12-10,,"0,725909271365347",190,"189,109112563842"
,говядина по-бургундк,120,2022-12-10,,"0,005289270052302",103,"102,634712406276"
,говядина с картоф.,120,2022-12-10,,"0,649989115098353",180,"179,998693811802"
,говядина с соусом,120,2022-12-10,,"0,61789190456868",177,"176,147028548242"
,говядина сыр и барбе,120,2022-12-10,,"0,614408050761655",176,"175,728966091399"
,жульен грибной,120,2022-12-10,,"0,669320686270877",183,"182,318482352505"
,карт.жаркое с курице,120,2022-12-10,,"0,675059640863352",184,"183,007156903602"
,котлета домашняя,120,2022-12-10,,"0,716164051109213",188,"187,939686133106"
,котлета по-киевски,120,2022-12-10,,"0,742668474925631",192,"191,120216991076"
,куп кур.медальоны,120,2022-12-10,,"0,622089604010182",177,"176,650752481222"
,кур. с орех соусом2,120,2022-12-10,,"0,709445837254861",188,"187,133500470583"
,запеканка твор.готов,120,2022-12-10,,"0,3433330565345",144,"143,19996678414"
,салат с сельдью Люци,120,2022-12-10,,"0,613892370680537",176,"175,667084481664"
,брокколи с сыром,78,2022-12-10,,"0,588917141058046",113,"112,235537002528"
,буррито вегетар.,148,2022-12-11,,"0,101846734522512",141,"140,873316709332"
,говядина по-бургундк,148,2022-12-11,,"0,14503806444179",148,"147,265633537385"
,говядина с картоф.,148,2022-12-11,,"0,92640155030688",263,"262,907429445418"
,говядина с соусом,148,2022-12-11,,"0,439684827463053",191,"190,873354464532"
,говядина сыр и барбе,148,2022-12-11,,"0,513737151248257",202,"201,833098384742"
,жульен грибной,148,2022-12-11,,"0,513649176053541",202,"201,820078055924"
,карт.жаркое с курице,148,2022-12-11,,"0,74535085749143",237,"236,111926908732"
,котлета домашняя,148,2022-12-11,,"0,781256907087912",242,"241,426022249011"
,котлета по-киевски,148,2022-12-11,,"0,035679690210669",132,"131,080594151179"
,куп кур.медальоны,148,2022-12-11,,"0,084827732618766",139,"138,354504427577"
,кур. с орех соусом2,148,2022-12-11,,"0,510144090751508",202,"201,301325431223"
,запеканка твор.готов,148,2022-12-11,,"0,315633649039538",173,"172,513780057852"
,салат с сельдью Люци,148,2022-12-11,,"0,358417831562343",179,"178,845839071227"
,брокколи с сыром,83,2022-12-12,,"0,702132522166529",129,"128,826999339822"
,буррито вегетар.,153,2022-12-12,,"0,326735810568674",181,"180,040579017007"
,говядина по-бургундк,153,2022-12-12,,"0,556593710880476",216,"215,208837764713"
,говядина с картоф.,153,2022-12-12,,"0,028672719429595",135,"134,436926072728"
,говядина с соусом,153,2022-12-12,,"0,552752588452533",215,"214,621146033238"
,говядина сыр и барбе,153,2022-12-12,,"0,098384985670191",146,"145,102902807539"
,жульен грибной,153,2022-12-12,,"0,395433935267232",191,"190,551392095886"
,карт.жаркое с курице,153,2022-12-12,,"0,007948320423168",132,"131,266093024745"
,котлета домашняя,153,2022-12-12,,"0,33948316334893",182,"181,990923992386"
,котлета по-киевски,153,2022-12-12,,"0,656588694401147",231,"230,508070243375"
,куп кур.медальоны,153,2022-12-12,,"0,884010643865894",266,"265,303628511482"
,кур. с орех соусом2,153,2022-12-12,,"0,307960426541516",178,"177,167945260852"
,запеканка твор.готов,153,2022-12-12,,"0,261876389382661",171,"170,117087575547"
,салат с сельдью Люци,153,2022-12-12,,"0,20983340888213",163,"162,154511558966"
,брокколи с сыром,49,2022-12-13,,"0,825906758365753",83,"82,1194311599219"
,буррито вегетар.,79,2022-12-13,,"0,145820193540411",79,"78,6697952896925"
,говядина по-бургундк,99,2022-12-13,,"0,462332763880821",130,"129,920943624201"
,говядина с картоф.,99,2022-12-13,,"0,692574280013287",153,"152,714853721315"
,говядина с соусом,99,2022-12-13,,"0,985145332537625",182,"181,679387921225"
,говядина сыр и барбе,99,2022-12-13,,"0,83094557122863",167,"166,413611551634"
,жульен грибной,99,2022-12-13,,"0,897343665894425",173,"172,987022923548"
,карт.жаркое с курице,99,2022-12-13,,"0,522252797755253",136,"135,85302697777"
,котлета домашняя,99,2022-12-13,,"0,670484020313873",151,"150,527918011073"
,котлета по-киевски,99,2022-12-13,,"0,104585557895877",95,"94,5039702316919"
,куп кур.медальоны,99,2022-12-13,,"0,013110897196803",86,"85,4479788224835"
,кур. с орех соусом2,99,2022-12-13,,"0,573612182941237",141,"140,937606111182"
,запеканка твор.готов,99,2022-12-13,,"0,149021897971038",99,"98,9031678991328"
,салат с сельдью Люци,99,2022-12-13,,"0,462812001633676",130,"129,968388161734"
,брокколи с сыром,52,2022-12-14,,"0,920195100673081",93,"92,0501452350002"
,буррито вегетар.,82,2022-12-14,,"0,472087366329341",109,"108,411164039006"
,говядина по-бургундк,102,2022-12-14,,"0,19467447046337",107,"106,556795987264"
,говядина с картоф.,102,2022-12-14,,"0,043239402022816",92,"91,1104190063273"
,говядина с соусом,102,2022-12-14,,"0,621010345166741",151,"150,043055207008"
,говядина сыр и барбе,102,2022-12-14,,"0,224245414123668",110,"109,573032240614"
,жульен грибной,102,2022-12-14,,"0,375602731187646",126,"125,01147858114"
,карт.жаркое с курице,102,2022-12-14,,"0,422244150665856",130,"129,768903367917"
,котлета домашняя,102,2022-12-14,,"0,314110200519137",119,"118,739240452952"
,котлета по-киевски,102,2022-12-14,,"0,046420610392483",92,"91,4349022600333"
,куп кур.медальоны,102,2022-12-14,,"0,24339560264008",112,"111,526351469288"
,кур. с орех соусом2,102,2022-12-14,,"0,180362087487282",106,"105,096932923703"
,запеканка твор.готов,102,2022-12-14,,"0,723252157375244",161,"160,471720052275"
,салат с сельдью Люци,102,2022-12-14,,"0,990699153493049",188,"187,751313656291"
,брокколи с сыром,48,2022-12-15,,"0,758193605848748",78,"77,1932930807399"
,буррито вегетар.,78,2022-12-15,,"0,539356863777124",109,"108,369835374616"
,говядина по-бургундк,98,2022-12-15,,"0,299402097197212",113,"112,641405525327"
,говядина с картоф.,98,2022-12-15,,"0,338409287168751",117,"116,464110142538"
,говядина с соусом,98,2022-12-15,,"0,369679183097301",120,"119,528559943536"
,говядина сыр и барбе,98,2022-12-15,,"0,24165206231834",107,"106,981902107197"
,жульен грибной,98,2022-12-15,,"0,188255984434887",102,"101,749086474619"
,карт.жаркое с курице,98,2022-12-15,,"0,999790217468049",182,"181,279441311869"
,котлета домашняя,98,2022-12-15,,"0,881664451333731",170,"169,703116230706"
,котлета по-киевски,98,2022-12-15,,"0,884862058456262",171,"170,016481728714"
,куп кур.медальоны,98,2022-12-15,,"0,843162235546555",166,"165,929899083562"
,кур. с орех соусом2,98,2022-12-15,,"0,18630770666561",102,"101,55815525323"
,запеканка твор.готов,98,2022-12-15,,"0,66201697659595",149,"148,177663706403"
,салат с сельдью Люци,98,2022-12-15,,"0,885105690501076",171,"170,040357669105"
,брокколи с сыром,50,2022-12-16,,"0,053093528502963",46,"45,1546764251481"
,буррито вегетар.,80,2022-12-16,,"0,130766963668757",79,"78,4613570935006"
,говядина по-бургундк,100,2022-12-16,,"0,902912141536963",176,"175,291214153696"
,говядина с картоф.,100,2022-12-16,,"0,580564359118636",144,"143,056435911864"
,говядина с соусом,100,2022-12-16,,"0,658231529559099",151,"150,82315295591"
,говядина сыр и барбе,100,2022-12-16,,"0,770295536387179",163,"162,029553638718"
,жульен грибной,100,2022-12-16,,"0,32716705697676",118,"117,716705697676"
,карт.жаркое с курице,100,2022-12-16,,"0,473574078217499",133,"132,35740782175"
,котлета домашняя,100,2022-12-16,,"0,735024753615167",159,"158,502475361517"
,котлета по-киевски,100,2022-12-16,,"0,187905850732883",104,"103,790585073288"
,куп кур.медальоны,100,2022-12-16,,"0,568059707760975",142,"141,805970776097"
,кур. с орех соусом2,100,2022-12-16,,"0,340671009194521",120,"119,067100919452"
,запеканка твор.готов,100,2022-12-16,,"0,309595506716277",116,"115,959550671628"
,салат с сельдью Люци,100,2022-12-16,,"0,400908941142079",126,"125,090894114208"
,брокколи с сыром,53,2022-12-17,,"0,890994891718735",93,"92,272729261093"
,буррито вегетар.,83,2022-12-17,,"0,337601505502267",99,"98,5709249566881"
,говядина по-бургундк,103,2022-12-17,,"0,346786673938033",124,"123,269027415617"
,говядина с картоф.,103,2022-12-17,,"0,512523552438068",141,"140,339925901121"
,говядина с соусом,103,2022-12-17,,"0,483690609932564",138,"137,370132823054"
,говядина сыр и барбе,103,2022-12-17,,"0,61331865595171",151,"150,721821563026"
,жульен грибной,103,2022-12-17,,"0,946622945201209",186,"185,052163355724"
,карт.жаркое с курице,103,2022-12-17,,"0,420425453686414",131,"130,853821729701"
,котлета домашняя,103,2022-12-17,,"0,145589274478556",103,"102,545695271291"
,котлета по-киевски,103,2022-12-17,,"0,017344442502343",90,"89,3364775777414"
,куп кур.медальоны,103,2022-12-17,,"0,607712585198483",151,"150,144396275444"
,кур. с орех соусом2,103,2022-12-17,,"0,84376950536625",175,"174,458259052724"
,запеканка твор.готов,103,2022-12-17,,"0,045458841114632",93,"92,2322606348071"
,салат с сельдью Люци,103,2022-12-17,,"0,400158469046011",129,"128,766322311739"
,брокколи с сыром,82,2022-12-18,,"0,093568413419191",78,"77,3726099003736"
,буррито вегетар.,152,2022-12-18,,"0,662977939933064",230,"229,972646869826"
,говядина по-бургундк,152,2022-12-18,,"0,695630365150027",235,"234,935815502804"
,говядина с картоф.,152,2022-12-18,,"0,493167136110424",205,"204,161404688785"
,говядина с соусом,152,2022-12-18,,"0,151149799540604",153,"152,174769530172"
,говядина сыр и барбе,152,2022-12-18,,"0,505736942377439",207,"206,072015241371"
,жульен грибной,152,2022-12-18,,"0,144899742420138",152,"151,224760847861"
,карт.жаркое с курице,152,2022-12-18,,"0,177874794134122",157,"156,236968708387"
,котлета домашняя,152,2022-12-18,,"0,383274283311299",188,"187,457691063317"
,котлета по-киевски,152,2022-12-18,,"0,773010629821433",247,"246,697615732858"
,куп кур.медальоны,152,2022-12-18,,"0,513901237089606",208,"207,31298803762"
,кур. с орех соусом2,152,2022-12-18,,"0,304694637643664",176,"175,513584921837"
,запеканка твор.готов,152,2022-12-18,,"0,294377308282256",174,"173,945350858903"
,салат с сельдью Люци,152,2022-12-18,,"0,478756907093995",202,"201,971049878287"
,брокколи с сыром,82,2022-12-19,,"0,847294084226404",140,"139,178114906565"
,буррито вегетар.,152,2022-12-19,,"0,152698843683554",153,"152,4102242399"
,говядина по-бургундк,152,2022-12-19,,"0,981797193828638",279,"278,433173461953"
,говядина с картоф.,152,2022-12-19,,"0,63650193893647",226,"225,948294718343"
,говядина с соусом,152,2022-12-19,,"0,675610945983011",232,"231,892863789418"
,говядина сыр и барбе,152,2022-12-19,,"0,46408447892422",200,"199,740840796481"
,жульен грибной,152,2022-12-19,,"0,031778944978403",135,"134,030399636717"
,карт.жаркое с курице,152,2022-12-19,,"0,020150106753072",133,"132,262816226467"
,котлета домашняя,152,2022-12-19,,"0,091481648058567",144,"143,105210504902"
,котлета по-киевски,152,2022-12-19,,"0,663338180674104",231,"230,027403462464"
,куп кур.медальоны,152,2022-12-19,,"0,734688830012034",241,"240,872702161829"
,кур. с орех соусом2,152,2022-12-19,,"0,126703055301943",149,"148,458864405895"
,запеканка твор.готов,152,2022-12-19,,"0,754901882247125",244,"243,945086101563"
,салат с сельдью Люци,152,2022-12-19,,"0,025180658730752",134,"133,027460127074"
,брокколи с сыром,50,2022-12-20,,"0,044706834190946",45,"44,7353417095473"
,буррито вегетар.,80,2022-12-20,,"0,352527933316971",97,"96,2022346653577"
,говядина по-бургундк,100,2022-12-20,,"0,441172320709382",130,"129,117232070938"
,говядина с картоф.,100,2022-12-20,,"0,898838803110631",175,"174,883880311063"
,говядина с соусом,100,2022-12-20,,"0,50759455434333",136,"135,759455434333"
,говядина сыр и барбе,100,2022-12-20,,"0,35688171448273",121,"120,688171448273"
,жульен грибной,100,2022-12-20,,"0,940209138759274",180,"179,020913875927"
,карт.жаркое с курице,100,2022-12-20,,"0,547930407293186",140,"139,793040729319"
,котлета домашняя,100,2022-12-20,,"0,608735631432817",146,"145,873563143282"
,котлета по-киевски,100,2022-12-20,,"0,543648498184719",140,"139,364849818472"
,куп кур.медальоны,100,2022-12-20,,"0,818420215708707",167,"166,842021570871"
,кур. с орех соусом2,100,2022-12-20,,"0,726309215726817",158,"157,630921572682"
,запеканка твор.готов,100,2022-12-20,,"0,379737479959769",123,"122,973747995977"
,салат с сельдью Люци,100,2022-12-20,,"0,465580591922819",132,"131,558059192282"
,брокколи с сыром,53,2022-12-21,,"0,23988797780227",58,"57,7640628235203"
,буррито вегетар.,83,2022-12-21,,"0,86254794818507",143,"142,141479699361"
,говядина по-бургундк,103,2022-12-21,,"0,163708308474212",105,"104,411955772844"
,говядина с картоф.,103,2022-12-21,,"0,811117490679995",172,"171,09510154004"
,говядина с соусом,103,2022-12-21,,"0,322943437016678",121,"120,813174012718"
,говядина сыр и барбе,103,2022-12-21,,"0,618810862933455",152,"151,287518882146"
,жульен грибной,103,2022-12-21,,"0,760399461354005",166,"165,871144519463"
,карт.жаркое с курице,103,2022-12-21,,"0,997107313923621",191,"190,252053334133"
,котлета домашняя,103,2022-12-21,,"0,619062407135861",152,"151,313427934994"
,котлета по-киевски,103,2022-12-21,,"0,610767616136475",151,"150,459064462057"
,куп кур.медальоны,103,2022-12-21,,"0,666866940832729",157,"156,237294905771"
,кур. с орех соусом2,103,2022-12-21,,"0,422928377572556",132,"131,111622889973"
,запеканка твор.готов,103,2022-12-21,,"0,440199771305596",133,"132,890576444476"
,салат с сельдью Люци,103,2022-12-21,,"0,346624317007992",124,"123,252304651823"
,брокколи с сыром,49,2022-12-22,,"0,081541438801559",46,"45,6455305012764"
,буррито вегетар.,79,2022-12-22,,"0,901240382212334",139,"138,347990194774"
,говядина по-бургундк,99,2022-12-22,,"0,146131284637478",99,"98,6169971791103"
,говядина с картоф.,99,2022-12-22,,"0,275193509944434",112,"111,394157484499"
,говядина с соусом,99,2022-12-22,,"0,366789683749292",121,"120,46217869118"
,говядина сыр и барбе,99,2022-12-22,,"0,589213023192223",143,"142,48208929603"
,жульен грибной,99,2022-12-22,,"0,279466633011978",112,"111,817196668186"
,карт.жаркое с курице,99,2022-12-22,,"0,419574476901326",126,"125,687873213231"
,котлета домашняя,99,2022-12-22,,"0,677276786295789",152,"151,200401843283"
,котлета по-киевски,99,2022-12-22,,"0,986488909557603",182,"181,812402046203"
,куп кур.медальоны,99,2022-12-22,,"0,899930599556181",174,"173,243129356062"
,кур. с орех соусом2,99,2022-12-22,,"0,019370665355716",87,"86,0676958702159"
,запеканка твор.готов,99,2022-12-22,,"0,522733839815117",136,"135,900650141697"
,салат с сельдью Люци,99,2022-12-22,,"0,901771517919516",174,"173,425380274032"
,брокколи с сыром,51,2022-12-23,,"0,311443880143096",60,"59,2336378872979"
,буррито вегетар.,81,2022-12-23,,"0,500538291916594",110,"109,393601645244"
,говядина по-бургундк,101,2022-12-23,,"0,235912646545965",110,"109,677177301142"
,говядина с картоф.,101,2022-12-23,,"0,890065129181859",176,"175,746578047368"
,говядина с соусом,101,2022-12-23,,"0,624329018558487",149,"148,907230874407"
,говядина сыр и барбе,101,2022-12-23,,"0,437859559861094",131,"130,07381554597"
,жульен грибной,101,2022-12-23,,"0,486505059931551",135,"134,987011053087"
,карт.жаркое с курице,101,2022-12-23,,"0,687159122615997",156,"155,253071384216"
,котлета домашняя,101,2022-12-23,,"0,990312919715416",186,"185,871604891257"
,котлета по-киевски,101,2022-12-23,,"0,700125375940026",157,"156,562662969943"
,куп кур.медальоны,101,2022-12-23,,"0,138777841794228",100,"99,866562021217"
,кур. с орех соусом2,101,2022-12-23,,"0,059059124793896",92,"91,8149716041835"
,запеканка твор.готов,101,2022-12-23,,"0,785294605524128",166,"165,164755157937"
,салат с сельдью Люци,101,2022-12-23,,"0,006812476738137",87,"86,5380601505519"
,брокколи с сыром,54,2022-12-24,,"0,158828366726349",55,"54,4767318032229"
,буррито вегетар.,84,2022-12-24,,"0,535354493631075",117,"116,36977746501"
,говядина по-бургундк,104,2022-12-24,,"0,10543832214964",100,"99,3655855035625"
,говядина с картоф.,104,2022-12-24,,"0,653252256093196",157,"156,338234633692"
,говядина с соусом,104,2022-12-24,,"0,056675467820894",95,"94,294248653373"
,говядина сыр и барбе,104,2022-12-24,,"0,039963413929239",93,"92,5561950486408"
,жульен грибной,104,2022-12-24,,"0,481792087594676",139,"138,506377109846"
,карт.жаркое с курице,104,2022-12-24,,"0,998230163801864",193,"192,215937035394"
,котлета домашняя,104,2022-12-24,,"0,772590026673473",169,"168,749362774041"
,котлета по-киевски,104,2022-12-24,,"0,412454271445563",132,"131,295244230339"
,куп кур.медальоны,104,2022-12-24,,"0,708065967341789",163,"162,038860603546"
,кур. с орех соусом2,104,2022-12-24,,"0,602603099387072",152,"151,070722336255"
,запеканка твор.готов,104,2022-12-24,,"0,630595521955058",154,"153,981934283326"
,салат с сельдью Люци,104,2022-12-24,,"0,341143576591853",124,"123,878931965553"
,брокколи с сыром,55,2022-12-25,,"0,483557957526673",74,"73,345687663967"
,буррито вегетар.,85,2022-12-25,,"0,730159107312067",135,"134,313524121526"
,говядина по-бургундк,105,2022-12-25,,"0,154345486355934",106,"105,456276067373"
,говядина с картоф.,105,2022-12-25,,"0,153805198511713",106,"105,39954584373"
,говядина с соусом,105,2022-12-25,,"0,098482157790265",100,"99,5906265679779"
,говядина сыр и барбе,105,2022-12-25,,"0,221195436385286",113,"112,475520820455"
,жульен грибной,105,2022-12-25,,"0,591519480818822",152,"151,359545485976"
,карт.жаркое с курице,105,2022-12-25,,"0,483629438753585",141,"140,031091069126"
,котлета домашняя,105,2022-12-25,,"0,735491752902588",167,"166,476634054772"
,котлета по-киевски,105,2022-12-25,,"0,624753829034152",155,"154,849152048586"
,куп кур.медальоны,105,2022-12-25,,"0,111849616709892",101,"100,994209754539"
,кур. с орех соусом3,105,2022-12-25,,"0,575831270581465",150,"149,712283411054"
,запеканка твор.готов,105,2022-12-25,,"0,495239626429011",142,"141,250160775046"
,салат с сельдью Люци,105,2022-12-25,,"0,973447801446726",192,"191,462019151906"
,брокколи с сыром,56,2022-12-26,,"0,452592433275796",73,"72,9451762634446"
,буррито вегетар.,86,2022-12-26,,"0,376929553615808",106,"105,515941610959"
,говядина по-бургундк,106,2022-12-26,,"0,724847802303441",167,"166,933867044165"
,говядина с картоф.,106,2022-12-26,,"0,754806977709277",171,"170,109539637183"
,говядина с соусом,106,2022-12-26,,"0,047141166949321",96,"95,096963696628"
,говядина сыр и барбе,106,2022-12-26,,"0,402963277593548",133,"132,814107424916"
,жульен грибной,106,2022-12-26,,"0,478770464098349",141,"140,849669194425"
,карт.жаркое с курице,106,2022-12-26,,"0,912011945582957",187,"186,773266231793"
,котлета домашняя,106,2022-12-26,,"0,523764731631305",146,"145,619061552918"
,котлета по-киевски,106,2022-12-26,,"0,184855945178865",110,"109,69473018896"
,куп кур.медальоны,106,2022-12-26,,"0,917089373211705",188,"187,311473560441"
,кур. с орех соусом4,106,2022-12-26,,"0,050370229871008",96,"95,4392443663269"
,запеканка твор.готов,106,2022-12-26,,"0,617292266982139",156,"155,532980300107"
,салат с сельдью Люци,106,2022-12-26,,"0,555034160609206",149,"148,933621024576"
,брокколи с сыром,57,2022-12-27,,"0,490435478441345",77,"76,4048222711567"
,буррито вегетар.,87,2022-12-27,,"0,439999866825276",113,"112,229988413799"
,говядина по-бургундк,107,2022-12-27,,"0,093507042966669",101,"100,955253597434"
,говядина с картоф.,107,2022-12-27,,"0,51170235147458",146,"145,70215160778"
,говядина с соусом,107,2022-12-27,,"0,255189852708991",119,"118,255314239862"
,говядина сыр и барбе,107,2022-12-27,,"0,104440978452483",103,"102,125184694416"
,жульен грибной,107,2022-12-27,,"0,574946112802622",153,"152,469234069881"
,карт.жаркое с курице,107,2022-12-27,,"0,922241744817028",190,"189,629866695422"
,котлета домашняя,107,2022-12-27,,"0,778230396892798",175,"174,220652467529"
,котлета по-киевски,107,2022-12-27,,"0,732121676706976",170,"169,287019407646"
,куп кур.медальоны,107,2022-12-27,,"0,089431643777869",101,"100,519185884232"
,кур. с орех соусом5,107,2022-12-27,,"0,80686267078736",178,"177,284305774247"
,запеканка твор.готов,107,2022-12-27,,"0,647388337968764",161,"160,220552162658"
,салат с сельдью Люци,107,2022-12-27,,"0,80064082901363",177,"176,618568704458"
,брокколи с сыром,58,2022-12-28,,"0,427640682323902",75,"74,1031595747863"
,буррито вегетар.,88,2022-12-28,,"0,069792726356234",81,"80,9417599193486"
,говядина по-бургундк,108,2022-12-28,,"0,276185680512453",122,"121,628053495345"
,говядина с картоф.,108,2022-12-28,,"0,248669674658191",119,"118,656324863085"
,говядина с соусом,108,2022-12-28,,"0,05222385347224",98,"97,4401761750019"
,говядина сыр и барбе,108,2022-12-28,,"0,573066736951078",154,"153,691207590716"
,жульен грибной,108,2022-12-28,,"0,151206621482168",109,"108,130315120074"
,карт.жаркое с курице,108,2022-12-28,,"0,960950707939999",196,"195,58267645752"
,котлета домашняя,108,2022-12-28,,"0,620761143927353",159,"158,842203544154"
,котлета по-киевски,108,2022-12-28,,"0,694604100989519",167,"166,817242906868"
,куп кур.медальоны,108,2022-12-28,,"0,673945673156744",165,"164,586132700928"
,кур. с орех соусом6,108,2022-12-28,,"0,559775400248532",153,"152,255743226841"
,запеканка твор.готов,108,2022-12-28,,"0,863430936607765",186,"185,050541153639"
,салат с сельдью Люци,108,2022-12-28,,"0,85040209484719",184,"183,643426243497"
,брокколи с сыром,59,2022-12-29,,"0,178629874943578",61,"60,6891626216711"
,буррито вегетар.,89,2022-12-29,,"0,889612329655887",155,"154,825497339374"
,говядина по-бургундк,109,2022-12-29,,"0,702151485110416",170,"169,184511877035"
,говядина с картоф.,109,2022-12-29,,"0,76762297242505",177,"176,32090399433"
,говядина с соусом,109,2022-12-29,,"0,565608896824335",155,"154,301369753853"
,говядина сыр и барбе,109,2022-12-29,,"0,147959209547228",109,"108,777553840648"
,жульен грибной,109,2022-12-29,,"0,921536355132352",194,"193,097462709426"
,карт.жаркое с курице,109,2022-12-29,,"0,552834642164252",153,"152,908975995903"
,котлета домашняя,109,2022-12-29,,"0,821837467547031",183,"182,230283962626"
,котлета по-киевски,109,2022-12-29,,"0,142469591325673",109,"108,179185454498"
,куп кур.медальоны,109,2022-12-29,,"0,624100334924705",161,"160,676936506793"
,кур. с орех соусом7,109,2022-12-29,,"0,288099415287302",125,"124,052836266316"
,запеканка твор.готов,109,2022-12-29,,"0,023067800344848",96,"95,1643902375885"
,салат с сельдью Люци,109,2022-12-29,,"0,138202717194902",108,"107,714096174244"
,брокколи с сыром,60,2022-12-30,,"0,14721150153108",60,"59,8326900918648"
,буррито вегетар.,90,2022-12-30,,"0,512059117752781",123,"122,58532059775"
,говядина по-бургундк,110,2022-12-30,,"0,673810107410431",168,"167,619111815147"
,говядина с картоф.,110,2022-12-30,,"0,81962156087601",184,"183,658371696361"
,говядина с соусом,110,2022-12-30,,"0,112729588110691",106,"105,900254692176"
,говядина сыр и барбе,110,2022-12-30,,"0,2569711875162",122,"121,766830626782"
,жульен грибной,110,2022-12-30,,"0,841075590915372",187,"186,018315000691"
,карт.жаркое с курице,110,2022-12-30,,"0,170703697579371",113,"112,277406733731"
,котлета домашняя,110,2022-12-30,,"0,111473480152009",106,"105,762082816721"
,котлета по-киевски,110,2022-12-30,,"0,066131540269675",101,"100,774469429664"
,куп кур.медальоны,110,2022-12-30,,"0,840422923026522",186,"185,946521532917"
,кур. с орех соусом8,110,2022-12-30,,"0,37883873589284",136,"135,172260948212"
,запеканка твор.готов,110,2022-12-30,,"0,783514945833421",180,"179,686644041676"
,салат с сельдью Люци,110,2022-12-30,,"0,521571556687495",151,"150,872871235624"
,брокколи с сыром,61,2022-12-31,,"0,624676821130901",90,"89,9552860889849"
,буррито вегетар.,91,2022-12-31,,"0,218459658030606",98,"97,2298288807852"
,говядина по-бургундк,111,2022-12-31,,"0,665842668371823",169,"168,258536189272"
,говядина с картоф.,111,2022-12-31,,"0,717098145976895",174,"173,947894203435"
,говядина с соусом,111,2022-12-31,,"0,984048266364767",204,"203,579357566489"
,говядина сыр и барбе,111,2022-12-31,,"0,829141658605158",187,"186,384724105173"
,жульен грибной,111,2022-12-31,,"0,162337357711681",113,"112,369446705997"
,карт.жаркое с курице,111,2022-12-31,,"0,12762647749603",109,"108,516539002059"
,котлета домашняя,111,2022-12-31,,"0,271171436743536",125,"124,450029478532"
,котлета по-киевски,111,2022-12-31,,"0,938588072721397",199,"198,533276072075"
,куп кур.медальоны,111,2022-12-31,,"0,741756223288509",177,"176,684940785024"
,кур. с орех соусом9,111,2022-12-31,,"0,652623823230444",167,"166,791244378579"
,запеканка твор.готов,111,2022-12-31,,"0,638550445095012",166,"165,229099405546"
,салат с сельдью Люци,111,2022-12-31,,"0,746185845367311",178,"177,176628835771"
,брокколи с сыром,62,2023-01-01,,"0,563696879815311",88,"87,6492065485493"
,буррито вегетар.,92,2023-01-01,,"0,405790746284471",116,"115,532748658171"
,говядина по-бургундк,112,2023-01-01,,"0,722040454800329",177,"176,068530937637"
,говядина с картоф.,112,2023-01-01,,"0,112220699586427",108,"107,76871835368"
,говядина с соусом,112,2023-01-01,,"0,028449209078646",99,"98,3863114168084"
,говядина сыр и барбе,112,2023-01-01,,"0,831124718639299",189,"188,285968487601"
,жульен грибной,112,2023-01-01,,"0,331220287247442",133,"132,296672171713"
,карт.жаркое с курице,112,2023-01-01,,"0,553168211134327",158,"157,154839647045"
,котлета домашняя,112,2023-01-01,,"0,288489557042196",128,"127,510830388726"
,котлета по-киевски,112,2023-01-01,,"0,437944972999491",145,"144,249836975943"
,куп кур.медальоны,112,2023-01-01,,"0,468373154375351",148,"147,657793290039"
,кур. с орех соусом10,112,2023-01-01,,"0,68783484687794",173,"172,237502850329"
,запеканка твор.готов,112,2023-01-01,,"0,485167007176231",150,"149,538704803738"
,салат с сельдью Люци,112,2023-01-01,,"0,50710611419419",152,"151,995884789749"
,брокколи с сыром,63,2023-01-02,,"0,126516838108095",62,"61,52056080081"
,буррито вегетар.,93,2023-01-02,,"0,794783747030445",153,"152,964888473831"
,говядина по-бургундк,113,2023-01-02,,"0,356326682882419",137,"136,314915165713"
,говядина с картоф.,113,2023-01-02,,"0,593230303772356",164,"163,085024326276"
,говядина с соусом,113,2023-01-02,,"0,585753344830933",163,"162,240127965895"
,говядина сыр и барбе,113,2023-01-02,,"0,335432158458816",134,"133,953833905846"
,жульен грибной,113,2023-01-02,,"0,499187905465398",153,"152,45823331759"
,карт.жаркое с курице,113,2023-01-02,,"0,451976785268817",148,"147,123376735376"
,котлета домашняя,113,2023-01-02,,"0,204326639344948",120,"119,138910245979"
,котлета по-киевски,113,2023-01-02,,"0,129077156108862",111,"110,635718640301"
,куп кур.медальоны,113,2023-01-02,,"0,784576609356626",185,"184,707156857299"
,кур. с орех соусом11,113,2023-01-02,,"0,131498161403624",111,"110,90929223861"
,запеканка твор.готов,113,2023-01-02,,"0,824707783077068",190,"189,241979487709"
,салат с сельдью Люци,113,2023-01-02,,"0,94882666184651",204,"203,267412788656"
,брокколи с сыром,64,2023-01-03,,"0,635974574410762",96,"95,1023727622888"
,буррито вегетар.,94,2023-01-03,,"0,015066616172444",82,"81,3162619202098"
,говядина по-бургундк,114,2023-01-03,,"0,090985313558825",108,"107,272325745706"
,говядина с картоф.,114,2023-01-03,,"0,55733199580366",161,"160,435847521617"
,говядина с соусом,114,2023-01-03,,"0,804051869715063",189,"188,561913147517"
,говядина сыр и барбе,114,2023-01-03,,"0,683693124333303",175,"174,841016173997"
,жульен грибной,114,2023-01-03,,"0,293791673820438",131,"130,39225081553"
,карт.жаркое с курице,114,2023-01-03,,"0,576852773202647",163,"162,661216145102"
,котлета домашняя,114,2023-01-03,,"0,95802237573001",207,"206,114550833221"
,котлета по-киевски,114,2023-01-03,,"0,37015442089739",140,"139,097603982303"
,куп кур.медальоны,114,2023-01-03,,"0,965527937864102",207,"206,970184916508"
,кур. с орех соусом12,114,2023-01-03,,"0,393974016289728",142,"141,813037857029"
,запеканка твор.готов,114,2023-01-03,,"0,336214107463345",136,"135,228408250821"
,салат с сельдью Люци,114,2023-01-03,,"0,791785262972521",188,"187,163519978867"
,брокколи с сыром,65,2023-01-04,,"0,73535954776094",104,"103,048370604461"
,буррито вегетар.,95,2023-01-04,,"0,905612326569443",167,"166,783171024097"
,говядина по-бургундк,115,2023-01-04,,"0,46151441911304",151,"150,824158198"
,говядина с картоф.,115,2023-01-04,,"0,5449285809325",161,"160,416786807238"
,говядина с соусом,115,2023-01-04,,"0,477162151546571",153,"152,623647427856"
,говядина сыр и барбе,115,2023-01-04,,"0,56914641494381",164,"163,201837718538"
,жульен грибной,115,2023-01-04,,"0,903468819238383",202,"201,648914212414"
,карт.жаркое с курице,115,2023-01-04,,"0,096663144037105",109,"108,866261564267"
,котлета домашняя,115,2023-01-04,,"0,375193238061144",141,"140,897222377032"
,котлета по-киевски,115,2023-01-04,,"0,214977982530522",123,"122,47246799101"
,куп кур.медальоны,115,2023-01-04,,"0,846974436271713",196,"195,152060171247"
,кур. с орех соусом13,115,2023-01-04,,"0,110257383712776",111,"110,429599126969"
,запеканка твор.готов,115,2023-01-04,,"0,624702345379294",170,"169,590769718619"
,салат с сельдью Люци,115,2023-01-04,,"0,222710297275678",124,"123,361684186703"
,брокколи с сыром,66,2023-01-05,,"0,479608110929073",88,"87,7541353213188"
,буррито вегетар.,96,2023-01-05,,"0,219622330408354",103,"102,683743719202"
,говядина по-бургундк,116,2023-01-05,,"0,580075577416385",166,"165,888766980301"
,говядина с картоф.,116,2023-01-05,,"0,168404291442406",119,"118,134897807319"
,говядина с соусом,116,2023-01-05,,"0,559758418765435",164,"163,531976576791"
,говядина сыр и барбе,116,2023-01-05,,"0,147518284542712",116,"115,712121006955"
,жульен грибной,116,2023-01-05,,"0,412218881142074",147,"146,417390212481"
,карт.жаркое с курице,116,2023-01-05,,"0,539402186489523",162,"161,170653632785"
,котлета домашняя,116,2023-01-05,,"0,859029728765945",199,"198,24744853685"
,котлета по-киевски,116,2023-01-05,,"0,880844786599112",201,"200,777995245497"
,куп кур.медальоны,116,2023-01-05,,"0,384171072549218",144,"143,163844415709"
,кур. с орех соусом14,116,2023-01-05,,"0,629867565112609",172,"171,664637553063"
,запеканка твор.готов,116,2023-01-05,,"0,528754376574079",160,"159,935507682593"
,салат с сельдью Люци,116,2023-01-05,,"0,211112648512375",124,"123,089067227435"
,брокколи с сыром,67,2023-01-06,,"0,843816086190095",114,"113,485677774736"
,буррито вегетар.,97,2023-01-06,,"0,158606301641371",98,"97,834811259213"
,говядина по-бургундк,117,2023-01-06,,"0,103778856696185",112,"111,592126233454"
,говядина с картоф.,117,2023-01-06,,"0,064358758371847",107,"106,979974729506"
,говядина с соусом,117,2023-01-06,,"0,51533076945605",160,"159,743700026358"
,говядина сыр и барбе,117,2023-01-06,,"0,807654355628769",194,"193,945559608566"
,жульен грибной,117,2023-01-06,,"0,17730357513191",121,"120,194518290433"
,карт.жаркое с курице,117,2023-01-06,,"0,64761682491064",176,"175,221168514545"
,котлета домашняя,117,2023-01-06,,"0,394276556169822",146,"145,580357071869"
,котлета по-киевски,117,2023-01-06,,"0,893515250894461",204,"203,991284354652"
,куп кур.медальоны,117,2023-01-06,,"0,468293618328369",155,"154,240353344419"
,кур. с орех соусом15,117,2023-01-06,,"0,827644688798445",197,"196,284428589418"
,запеканка твор.готов,117,2023-01-06,,"0,910668179356974",206,"205,998176984766"
,салат с сельдью Люци,117,2023-01-06,,"0,518668745942967",161,"160,134243275327"
,брокколи с сыром,68,2023-01-07,,"0,894731928777276",119,"118,641771156855"
,буррито вегетар.,98,2023-01-07,,"0,100328137910136",94,"93,1321575151933"
,говядина по-бургундк,118,2023-01-07,,"0,516016138311916",162,"161,189904320806"
,говядина с картоф.,118,2023-01-07,,"0,533573831679547",164,"163,261712138187"
,говядина с соусом,118,2023-01-07,,"0,803396240122019",196,"195,100756334398"
,говядина сыр и барбе,118,2023-01-07,,"0,350707923712189",142,"141,683534998038"
,жульен грибной,118,2023-01-07,,"0,785442425938648",193,"192,98220626076"
,карт.жаркое с курице,118,2023-01-07,,"0,15364098939158",119,"118,429636748206"
,котлета домашняя,118,2023-01-07,,"0,545926816863864",165,"164,719364389936"
,котлета по-киевски,118,2023-01-07,,"0,630958547757073",175,"174,753108635335"
,куп кур.медальоны,118,2023-01-07,,"0,023338551051441",104,"103,05394902407"
,кур. с орех соусом16,118,2023-01-07,,"0,337408414114873",141,"140,114192865555"
,запеканка твор.готов,118,2023-01-07,,"0,610126951820363",173,"172,294980314803"
,салат с сельдью Люци,118,2023-01-07,,"0,625703424484358",175,"174,133004089154"
,брокколи с сыром,69,2023-01-08,,"0,684854624218319",106,"105,904969071064"
,буррито вегетар.,99,2023-01-08,,"0,10930417164444",95,"94,9711129927995"
,говядина по-бургундк,119,2023-01-08,,"0,215268108170668",127,"126,766904872309"
,говядина с картоф.,119,2023-01-08,,"0,225061765270144",128,"127,932350067147"
,говядина с соусом,119,2023-01-08,,"0,274936074970009",134,"133,867392921431"
,говядина сыр и барбе,119,2023-01-08,,"0,710144018739146",186,"185,657138229958"
,жульен грибной,119,2023-01-08,,"0,217129271968091",127,"126,988383364203"
,карт.жаркое с курице,119,2023-01-08,,"0,006125044775445",102,"101,878880328278"
,котлета домашняя,119,2023-01-08,,"0,344926766257384",143,"142,196285184629"
,котлета по-киевски,119,2023-01-08,,"0,27487531214371",134,"133,860162145102"
,куп кур.медальоны,119,2023-01-08,,"0,914486672113739",210,"209,973913981535"
,кур. с орех соусом17,119,2023-01-08,,"0,607681495500873",174,"173,464097964604"
,запеканка твор.готов,119,2023-01-08,,"0,56874977164575",169,"168,831222825844"
,салат с сельдью Люци,119,2023-01-08,,"0,71727601102387",187,"186,50584531184"
,брокколи с сыром,70,2023-01-09,,"0,190448907397026",73,"72,8314235177919"
,буррито вегетар.,100,2023-01-09,,"0,522670046986902",138,"137,26700469869"
,говядина по-бургундк,120,2023-01-09,,"0,285142853426635",137,"136,217142411196"
,говядина с картоф.,120,2023-01-09,,"0,206514492337502",127,"126,7817390805"
,говядина с соусом,120,2023-01-09,,"0,451958828965649",157,"156,235059475878"
,говядина сыр и барбе,120,2023-01-09,,"0,478829653159312",160,"159,459558379117"
,жульен грибной,120,2023-01-09,,"0,575640972887783",172,"171,076916746534"
,карт.жаркое с курице,120,2023-01-09,,"0,695616083983969",186,"185,473930078076"
,котлета домашняя,120,2023-01-09,,"0,067937069801433",111,"110,152448376172"
,котлета по-киевски,120,2023-01-09,,"0,885541159722802",209,"208,264939166736"
,куп кур.медальоны,120,2023-01-09,,"0,623641802477138",177,"176,837016297257"
,кур. с орех соусом18,120,2023-01-09,,"0,059504132311678",110,"109,140495877401"
,запеканка твор.готов,120,2023-01-09,,"0,339937675588348",143,"142,792521070602"
,салат с сельдью Люци,120,2023-01-09,,"0,817951959537547",201,"200,154235144506"
,брокколи с сыром,71,2023-01-10,,"0,195514746031025",75,"74,2315469682028"
,буррито вегетар.,101,2023-01-10,,"0,325573927611044",119,"118,732966688715"
,говядина по-бургундк,121,2023-01-10,,"0,864377769682346",208,"207,439710131564"
,говядина с картоф.,121,2023-01-10,,"0,014581158008912",105,"104,614320119078"
,говядина с соусом,121,2023-01-10,,"0,380760637751915",149,"148,922037167982"
,говядина сыр и барбе,121,2023-01-10,,"0,47513302218224",161,"160,341095684051"
,жульен грибной,121,2023-01-10,,"0,848232696730975",206,"205,486156304448"
,карт.жаркое с курице,121,2023-01-10,,"0,829543848825563",204,"203,224805707893"
,котлета домашняя,121,2023-01-10,,"0,940399890387344",217,"216,638386736869"
,котлета по-киевски,121,2023-01-10,,"0,148743400507329",121,"120,847951461387"
,куп кур.медальоны,121,2023-01-10,,"0,563574109457369",172,"171,042467244342"
,кур. с орех соусом19,121,2023-01-10,,"0,384545207113941",150,"149,379970060787"
,запеканка твор.готов,121,2023-01-10,,"0,737558794927987",193,"192,094614186286"
,салат с сельдью Люци,121,2023-01-10,,"0,859412961089039",207,"206,838968291774"
,брокколи с сыром,72,2023-01-11,,"0,191836811949154",76,"75,0122504603391"
,буррито вегетар.,102,2023-01-11,,"0,999353602960395",189,"188,63406750196"
,говядина по-бургундк,122,2023-01-11,,"0,986970498199301",225,"224,110400780315"
,говядина с картоф.,122,2023-01-11,,"0,539805334530035",170,"169,556250812664"
,говядина с соусом,122,2023-01-11,,"0,049101498732994",110,"109,690382845425"
,говядина сыр и барбе,122,2023-01-11,,"0,185905987409838",127,"126,380530464"
,жульен грибной,122,2023-01-11,,"0,649857838580457",183,"182,982656306816"
,карт.жаркое с курице,122,2023-01-11,,"0,808874258043091",203,"202,382659481257"
,котлета домашняя,122,2023-01-11,,"0,571578204576509",174,"173,432540958334"
,котлета по-киевски,122,2023-01-11,,"0,900393500105477",214,"213,548007012868"
,куп кур.медальоны,122,2023-01-11,,"0,998846409787687",226,"225,559261994098"
,кур. с орех соусом20,122,2023-01-11,,"0,529001003488735",169,"168,238122425626"
,запеканка твор.готов,122,2023-01-11,,"0,469127147075972",161,"160,933511943269"
,салат с сельдью Люци,122,2023-01-11,,"0,952391050935663",220,"219,891708214151"
,брокколи с сыром,73,2023-01-12,,"0,316436877579992",86,"85,1498920633394"
,буррито вегетар.,103,2023-01-12,,"0,898901601393618",181,"180,136864943543"
,говядина по-бургундк,123,2023-01-12,,"0,679245860392176",189,"188,097240828238"
,говядина с картоф.,123,2023-01-12,,"0,248865761726131",136,"135,160488692314"
,говядина с соусом,123,2023-01-12,,"0,77201336087693",200,"199,507643387862"
,говядина сыр и барбе,123,2023-01-12,,"0,130599864150151",121,"120,613783290469"
,жульен грибной,123,2023-01-12,,"0,187427124899722",128,"127,603536362666"
,карт.жаркое с курице,123,2023-01-12,,"0,954936890057623",223,"222,007237477088"
,котлета домашняя,123,2023-01-12,,"0,333996701109174",146,"145,631594236428"
,котлета по-киевски,123,2023-01-12,,"0,704577849341632",192,"191,213075469021"
,куп кур.медальоны,123,2023-01-12,,"0,414397893149081",156,"155,520940857337"
,кур. с орех соусом21,123,2023-01-12,,"0,337614437256337",147,"146,076575782529"
,запеканка твор.готов,123,2023-01-12,,"0,375855999616864",151,"150,780287952874"
,салат с сельдью Люци,123,2023-01-12,,"0,121234919120393",120,"119,461895051808"
,брокколи с сыром,74,2023-01-13,,"0,683953529820469",114,"113,512561206715"
,буррито вегетар.,104,2023-01-13,,"0,142593829676001",104,"103,229758286304"
,говядина по-бургундк,124,2023-01-13,,"0,14431702881987",124,"123,295311573664"
,говядина с картоф.,124,2023-01-13,,"0,431153915672139",159,"158,863085543345"
,говядина с соусом,124,2023-01-13,,"0,502925662905854",168,"167,762782200326"
,говядина сыр и барбе,124,2023-01-13,,"0,944383666970889",223,"222,50357470439"
,жульен грибной,124,2023-01-13,,"0,952919011886549",224,"223,561957473932"
,карт.жаркое с курице,124,2023-01-13,,"0,550932709765569",174,"173,715656010931"
,котлета домашняя,124,2023-01-13,,"0,194127403923985",130,"129,471798086574"
,котлета по-киевски,124,2023-01-13,,"0,190078699705688",129,"128,969758763505"
,куп кур.медальоны,124,2023-01-13,,"0,631453655784556",184,"183,700253317285"
,кур. с орех соусом22,124,2023-01-13,,"0,727135173417168",196,"195,564761503729"
,запеканка твор.готов,124,2023-01-13,,"0,630279411588217",184,"183,554647036939"
,салат с сельдью Люци,124,2023-01-13,,"0,266064228660286",139,"138,391964353875"
,брокколи с сыром,75,2023-01-14,,"0,99850757873076",139,"138,638068404807"
,буррито вегетар.,105,2023-01-14,,"0,27077753309372",118,"117,681640974841"
,говядина по-бургундк,125,2023-01-14,,"0,758116377549989",202,"201,014547193749"
,говядина с картоф.,125,2023-01-14,,"0,011078165869728",108,"107,634770733716"
,говядина с соусом,125,2023-01-14,,"0,409632338629556",158,"157,454042328695"
,говядина сыр и барбе,125,2023-01-14,,"0,970084462642888",228,"227,510557830361"
,жульен грибной,125,2023-01-14,,"0,020905300354464",109,"108,863162544308"
,карт.жаркое с курице,125,2023-01-14,,"0,518660664897552",172,"171,082583112194"
,котлета домашняя,125,2023-01-14,,"0,424362662625376",160,"159,295332828172"
,котлета по-киевски,125,2023-01-14,,"0,131153243980397",123,"122,64415549755"
,куп кур.медальоны,125,2023-01-14,,"0,869540859142749",215,"214,942607392844"
,кур. с орех соусом23,125,2023-01-14,,"0,741433989424268",199,"198,929248678033"
,запеканка твор.готов,125,2023-01-14,,"0,552843574820022",176,"175,355446852503"
,салат с сельдью Люци,125,2023-01-14,,"0,058277336551939",114,"113,534667068992"
,брокколи с сыром,76,2023-01-15,,"0,947078680671024",137,"136,577979730998"
,буррито вегетар.,106,2023-01-15,,"0,580674054138401",152,"151,651449738671"
,говядина по-бургундк,126,2023-01-15,,"0,188328467515752",131,"130,829386906985"
,говядина с картоф.,126,2023-01-15,,"0,820871084458446",211,"210,529756641764"
,говядина с соусом,126,2023-01-15,,"0,675442700517658",193,"192,205780265225"
,говядина сыр и барбе,126,2023-01-15,,"0,742927376920592",201,"200,708849491995"
,жульен грибной,126,2023-01-15,,"0,16973376997026",129,"128,486455016253"
,карт.жаркое с курице,126,2023-01-15,,"0,733351798667937",200,"199,50232663216"
,котлета домашняя,126,2023-01-15,,"0,515831272821125",173,"172,094740375462"
,котлета по-киевски,126,2023-01-15,,"0,715558696227957",198,"197,260395724723"
,куп кур.медальоны,126,2023-01-15,,"0,485167073889955",169,"168,231051310134"
,кур. с орех соусом24,126,2023-01-15,,"0,405809200789428",159,"158,231959299468"
,запеканка твор.готов,126,2023-01-15,,"0,640902753759286",188,"187,85374697367"
,салат с сельдью Люци,126,2023-01-15,,"0,963430720928744",229,"228,492270837022"
,брокколи с сыром,77,2023-01-16,,"0,938210636240521",138,"137,69221899052"
,буррито вегетар.,107,2023-01-16,,"0,391350356539714",133,"132,824488149749"
,говядина по-бургундк,127,2023-01-16,,"0,838859707182829",215,"214,485182812219"
,говядина с картоф.,127,2023-01-16,,"0,479332415966819",169,"168,825216827786"
,говядина с соусом,127,2023-01-16,,"0,253242614115158",141,"140,111811992625"
,говядина сыр и барбе,127,2023-01-16,,"0,172869447036564",130,"129,904419773644"
,жульен грибной,127,2023-01-16,,"0,877193782206773",220,"219,35361034026"
,карт.жаркое с курице,127,2023-01-16,,"0,874472781609444",220,"219,008043264399"
,котлета домашняя,127,2023-01-16,,"0,974862105866383",232,"231,757487445031"
,котлета по-киевски,127,2023-01-16,,"0,146258349241556",127,"126,524810353678"
,куп кур.медальоны,127,2023-01-16,,"0,254760709451814",141,"140,30461010038"
,кур. с орех соусом25,127,2023-01-16,,"0,676806629101269",194,"193,904441895861"
,запеканка твор.готов,127,2023-01-16,,"0,336298686155711",151,"150,659933141775"
,салат с сельдью Люци,127,2023-01-16,,"0,855567248329698",217,"216,607040537872"
,брокколи с сыром,78,2023-01-17,,"0,587104214488461",113,"112,0941287301"
,буррито вегетар.,108,2023-01-17,,"0,791245112602631",178,"177,254472161084"
,говядина по-бургундк,128,2023-01-17,,"0,542946058425067",179,"178,297095478409"
,говядина с картоф.,128,2023-01-17,,"0,656411799114488",193,"192,820710286655"
,говядина с соусом,128,2023-01-17,,"0,318252651393937",150,"149,536339378424"
,говядина сыр и барбе,128,2023-01-17,,"0,278376073378758",145,"144,432137392481"
,жульен грибной,128,2023-01-17,,"0,421729017364671",163,"162,781314222678"
,карт.жаркое с курице,128,2023-01-17,,"0,738342697398716",204,"203,307865267036"
,котлета домашняя,128,2023-01-17,,"0,262110574142452",143,"142,350153490234"
,котлета по-киевски,128,2023-01-17,,"0,559788635064832",181,"180,452945288299"
,куп кур.медальоны,128,2023-01-17,,"0,710750840808678",200,"199,776107623511"
,кур. с орех соусом26,128,2023-01-17,,"0,991340397196106",236,"235,691570841102"
,запеканка твор.готов,128,2023-01-17,,"0,800374690738021",212,"211,247960414467"
,салат с сельдью Люци,128,2023-01-17,,"0,763785943743462",207,"206,564600799163"
,брокколи с сыром,79,2023-01-18,,"0,238988347134576",87,"86,0300794236315"
,буррито вегетар.,109,2023-01-18,,"0,942937414655292",196,"195,430178197427"
,говядина по-бургундк,129,2023-01-18,,"0,257223067430346",143,"142,831775698515"
,говядина с картоф.,129,2023-01-18,,"0,018281073974065",113,"112,008258542654"
,говядина с соусом,129,2023-01-18,,"0,367836536487532",158,"157,100913206892"
,говядина сыр и барбе,129,2023-01-18,,"0,493346856543331",174,"173,29174449409"
,жульен грибной,129,2023-01-18,,"0,425115960645458",165,"164,489958923264"
,карт.жаркое с курице,129,2023-01-18,,"0,015082593963307",112,"111,595654621267"
,котлета домашняя,129,2023-01-18,,"0,423191897119756",165,"164,241754728449"
,котлета по-киевски,129,2023-01-18,,"0,393695903971691",161,"160,436771612348"
,куп кур.медальоны,129,2023-01-18,,"0,588139933186307",186,"185,520051381034"
,кур. с орех соусом27,129,2023-01-18,,"0,238771369414236",141,"140,451506654436"
,запеканка твор.готов,129,2023-01-18,,"0,727696080946695",204,"203,522794442124"
,салат с сельдью Люци,129,2023-01-18,,"0,407411514525244",163,"162,206085373756"
,брокколи с сыром,80,2023-01-19,,"0,601619991173931",117,"116,129599293915"
,буррито вегетар.,110,2023-01-19,,"0,248359126192405",121,"120,819503881165"
,говядина по-бургундк,130,2023-01-19,,"0,162677753939919",132,"131,64810801219"
,говядина с картоф.,130,2023-01-19,,"0,181737996589271",135,"134,125939556605"
,говядина с соусом,130,2023-01-19,,"0,813381252956303",217,"216,239562884319"
,говядина сыр и барбе,130,2023-01-19,,"0,557013243211315",183,"182,911721617471"
,жульен грибной,130,2023-01-19,,"0,347813151245942",156,"155,715709661972"
,карт.жаркое с курице,130,2023-01-19,,"0,283101669741549",148,"147,303217066401"
,котлета домашняя,130,2023-01-19,,"0,947470204907803",234,"233,671126638014"
,котлета по-киевски,130,2023-01-19,,"0,431538752143552",167,"166,600037778662"
,куп кур.медальоны,130,2023-01-19,,"0,789892771844678",214,"213,186060339808"
,кур. с орех соусом28,130,2023-01-19,,"0,383787581345539",161,"160,39238557492"
,запеканка твор.готов,130,2023-01-19,,"0,349469867105986",156,"155,931082723778"
,салат с сельдью Люци,130,2023-01-19,,"0,239974344461348",142,"141,696664779975"
,брокколи с сыром,81,2023-01-20,,"0,605258379297449",118,"117,875928723093"
,буррито вегетар.,111,2023-01-20,,"0,532377363452425",154,"153,443887343219"
,говядина по-бургундк,131,2023-01-20,,"0,441543794965244",170,"169,192237140447"
,говядина с картоф.,131,2023-01-20,,"0,880746097339734",227,"226,727738751505"
,говядина с соусом,131,2023-01-20,,"0,946694999319524",236,"235,367044910858"
,говядина сыр и барбе,131,2023-01-20,,"0,06553848729637",120,"119,935541835825"
,жульен грибной,131,2023-01-20,,"0,133326043361581",129,"128,815711680367"
,карт.жаркое с курице,131,2023-01-20,,"0,424048248848407",167,"166,900320599141"
,котлета домашняя,131,2023-01-20,,"0,384310222782542",162,"161,694639184513"
,котлета по-киевски,131,2023-01-20,,"0,874428468548339",226,"225,900129379832"
,куп кур.медальоны,131,2023-01-20,,"0,013169787768631",114,"113,075242197691"
,кур. с орех соусом29,131,2023-01-20,,"0,862957140297762",225,"224,397385379007"
,запеканка твор.готов,131,2023-01-20,,"0,634560995506508",195,"194,477490411353"
,салат с сельдью Люци,131,2023-01-20,,"0,644423603027051",196,"195,769491996544"
